t_s,face_idx,x_m,y_m,z_m,P_Pa
0.02,952,-0.00157835,-0.001923225,0.0295,138635.62369423668
0.02,953,-0.0011728195,-0.00219419,0.0295,138635.93801251537
0.06,955,-0.00024386299999999995,-0.00247598,0.0295,482.1212002499371
0.06,956,0.00024386300000000006,-0.00247598,0.0295,200529.71203153412
0.06,957,0.0007222175,-0.00238083,0.0295,203092.36106227632
0.06,958,0.0011728195,-0.00219419,0.0295,3045.1989486187927
0.08,957,0.0007222175,-0.00238083,0.0295,149565.91701687922
0.08,958,0.0011728195,-0.00219419,0.0295,181062.70041963365
0.08,959,0.00157835,-0.0019232249999999998,0.0295,31496.843559672772
0.1,914,-0.0007222175,-0.00238083,0.0245,20247.67433611574
0.1,915,-0.00024386299999999995,-0.00247598,0.0245,20247.660757114638
0.1,922,-0.0007222175,-0.00238083,0.0255,20247.680792673513
0.1,923,-0.00024386299999999995,-0.00247598,0.0255,20247.687473038124
0.1,957,0.0007222175,-0.00238083,0.0295,62061.359174368714
0.1,958,0.0011728195,-0.00219419,0.0295,126579.73337584497
0.1,959,0.00157835,-0.0019232249999999998,0.0295,64518.434349649244
0.12,920,-0.00157835,-0.001923225,0.0255,14749.875120686413
0.12,921,-0.0011728195,-0.00219419,0.0255,25298.938387058854
0.12,922,-0.0007222175,-0.00238083,0.0255,10548.971464123884
0.12,928,-0.00157835,-0.001923225,0.0265,14749.880817026073
0.12,929,-0.0011728195,-0.00219419,0.0265,42974.85986204609
0.12,930,-0.0007222175,-0.00238083,0.0265,47336.07967291968
0.12,931,-0.00024386299999999995,-0.00247598,0.0265,19111.038491513456
0.12,937,-0.0011728195,-0.00219419,0.0275,17675.963427349583
0.12,938,-0.0007222175,-0.00238083,0.0275,36787.035449190524
0.12,939,-0.00024386299999999995,-0.00247598,0.0275,19111.106993345416
0.12,957,0.0007222175,-0.00238083,0.0295,30310.41077156329
0.12,958,0.0011728195,-0.00219419,0.0295,86565.23921456521
0.12,959,0.00157835,-0.0019232249999999998,0.0295,56254.84930748727
0.14,739,-0.00024386299999999995,-0.00247598,0.0025,6687.765951773432
0.14,740,0.00024386300000000006,-0.00247598,0.0025,6687.768145315446
0.14,747,-0.00024386299999999995,-0.00247598,0.0035,6692.495503838609
0.14,748,0.00024386300000000006,-0.00247598,0.0035,6692.4963086896805
0.14,755,-0.00024386299999999995,-0.00247598,0.0045000000000000005,4.723060156883882
0.14,756,0.00024386300000000006,-0.00247598,0.0045000000000000005,4.723061821649702
0.14,920,-0.00157835,-0.001923225,0.0255,563480.7371899898
0.14,921,-0.0011728195,-0.00219419,0.0255,563481.0854614465
0.14,928,-0.00157835,-0.001923225,0.0265,563480.6955571792
0.14,929,-0.0011728195,-0.00219419,0.0265,563481.075069394
0.14,930,-0.0007222175,-0.00238083,0.0265,18204.182510857223
0.14,931,-0.00024386299999999995,-0.00247598,0.0265,18204.155361704674
0.14,938,-0.0007222175,-0.00238083,0.0275,18204.19052684848
0.14,939,-0.00024386299999999995,-0.00247598,0.0275,18204.18206943943
0.14,957,0.0007222175,-0.00238083,0.0295,21586.66004228769
0.14,958,0.0011728195,-0.00219419,0.0295,25382.387319716403
0.14,959,0.00157835,-0.0019232249999999998,0.0295,3795.681127940017
0.16,731,-0.00024386299999999995,-0.00247598,0.0015,26137.51519647765
0.16,732,0.00024386300000000006,-0.00247598,0.0015,26137.596522056116
0.16,739,-0.00024386299999999995,-0.00247598,0.0025,26137.578828784048
0.16,740,0.00024386300000000006,-0.00247598,0.0025,26137.53365847857
0.16,920,-0.00157835,-0.001923225,0.0255,7.617950468032872
0.16,921,-0.0011728195,-0.00219419,0.0255,7.750857323393393
0.16,928,-0.00157835,-0.001923225,0.0265,7.61795273919076
0.16,929,-0.0011728195,-0.00219419,0.0265,7.746205413817077
0.16,957,0.0007222175,-0.00238083,0.0295,58249.02988728653
0.16,958,0.0011728195,-0.00219419,0.0295,58249.04291709521
0.18,724,0.00024386300000000006,-0.00247598,0.0005,22297.08537463585
0.18,725,0.0007222175,-0.00238083,0.0005,57282.76187370944
0.18,726,0.0011728195,-0.00219419,0.0005,34985.70723284724
0.18,921,-0.0011728195,-0.00219419,0.0255,14815.152795404068
0.18,922,-0.0007222175,-0.00238083,0.0255,14815.199686706892
0.18,929,-0.0011728195,-0.00219419,0.0265,14815.118940990114
0.18,930,-0.0007222175,-0.00238083,0.0265,60198.353595031986
0.18,931,-0.00024386299999999995,-0.00247598,0.0265,45383.26772532141
0.18,938,-0.0007222175,-0.00238083,0.0275,45383.28199084438
0.18,939,-0.00024386299999999995,-0.00247598,0.0275,45383.2448040687
0.18,949,0.0007222175,-0.00238083,0.0285,12806.986077762404
0.18,950,0.0011728195,-0.00219419,0.0285,12806.993212819316
0.18,957,0.0007222175,-0.00238083,0.0295,12932.377606707283
0.18,958,0.0011728195,-0.00219419,0.0295,12932.387386691755
0.2,724,0.00024386300000000006,-0.00247598,0.0005,46355.30681886164
0.2,725,0.0007222175,-0.00238083,0.0005,46355.39950989204
0.2,930,-0.0007222175,-0.00238083,0.0265,31052.7878037657
0.2,931,-0.00024386299999999995,-0.00247598,0.0265,31052.881250498493
0.2,938,-0.0007222175,-0.00238083,0.0275,31052.807479211922
0.2,939,-0.00024386299999999995,-0.00247598,0.0275,31052.812943298406
0.2,949,0.0007222175,-0.00238083,0.0285,19431.72446096589
0.2,950,0.0011728195,-0.00219419,0.0285,19431.68768148819
0.2,957,0.0007222175,-0.00238083,0.0295,19431.74639919418
0.2,958,0.0011728195,-0.00219419,0.0295,19431.708124001863
0.24,234,0.00238083,-0.0007222175,0.0295,19765.993446907745
0.24,235,0.00247598,-0.00024386300000000006,0.0295,44495.77825254886
0.24,236,0.00247598,0.00024386299999999995,0.0295,100253.777375269
0.24,237,0.00238083,0.0007222175,0.0295,75524.06086784528
0.24,473,0.0011728195,0.00219419,0.0295,83501.19599592571
0.24,474,0.0007222175,0.00238083,0.0295,92451.1198838067
0.24,475,0.00024386299999999995,0.00247598,0.0295,8961.085861635296
0.24,476,-0.00024386300000000006,0.00247598,0.0295,10.143730846389804
0.26,235,0.00247598,-0.00024386300000000006,0.0295,133.44795394774698
0.26,236,0.00247598,0.00024386299999999995,0.0295,38856.000831917845
0.26,237,0.00238083,0.0007222175,0.0295,38722.923946675306
0.26,467,0.00024386299999999995,0.00247598,0.0285,72121.24459616597
0.26,468,-0.00024386300000000006,0.00247598,0.0285,72121.27573687324
0.26,475,0.00024386299999999995,0.00247598,0.0295,72121.10642946349
0.26,476,-0.00024386300000000006,0.00247598,0.0295,72121.17227167067
0.28,228,0.00247598,0.00024386299999999995,0.0285,12456.676782464896
0.28,229,0.00238083,0.0007222175,0.0285,12456.653408881537
0.28,236,0.00247598,0.00024386299999999995,0.0295,12456.688954810583
0.28,237,0.00238083,0.0007222175,0.0295,12456.681641773623
0.28,464,0.00157835,0.001923225,0.0285,50857.93752493311
0.28,465,0.0011728195,0.00219419,0.0285,94076.15460737115
0.28,466,0.0007222175,0.00238083,0.0285,43591.819751531366
0.28,467,0.00024386299999999995,0.00247598,0.0285,373.5741523633561
0.28,472,0.00157835,0.001923225,0.0295,50857.958486455194
0.28,473,0.0011728195,0.00219419,0.0295,94076.17587407558
0.28,474,0.0007222175,0.00238083,0.0295,43591.76294060611
0.28,475,0.00024386299999999995,0.00247598,0.0295,373.5734986892004
0.3,227,0.00247598,-0.00024386300000000006,0.0285,4935.757009747947
0.3,228,0.00247598,0.00024386299999999995,0.0285,4935.760479946327
0.3,230,0.00219419,0.0011728195,0.0285,27153.838371950293
0.3,231,0.0019232249999999998,0.00157835,0.0285,27153.824907920432
0.3,235,0.00247598,-0.00024386300000000006,0.0295,4935.755179382381
0.3,236,0.00247598,0.00024386299999999995,0.0295,4935.758976013821
0.3,238,0.00219419,0.0011728195,0.0295,27153.82163269104
0.3,239,0.0019232249999999998,0.00157835,0.0295,27153.875814328974
0.3,464,0.00157835,0.001923225,0.0285,61541.54085778158
0.3,465,0.0011728195,0.00219419,0.0285,61541.580311525955
0.3,472,0.00157835,0.001923225,0.0295,61541.5331457545
0.3,473,0.0011728195,0.00219419,0.0295,61541.54164871075
0.32,228,0.00247598,0.00024386299999999995,0.0285,82.83775906728766
0.32,229,0.00238083,0.0007222175,0.0285,31185.05828934748
0.32,230,0.00219419,0.0011728195,0.0285,31725.242848085498
0.32,231,0.0019232249999999998,0.00157835,0.0285,29924.80022472999
0.32,236,0.00247598,0.00024386299999999995,0.0295,82.83778457950213
0.32,237,0.00238083,0.0007222175,0.0295,31185.03294369913
0.32,238,0.00219419,0.0011728195,0.0295,31725.228203102022
0.32,239,0.0019232249999999998,0.00157835,0.0295,29924.84472454452
0.32,458,0.0007222175,0.00238083,0.0275,29364.658823109112
0.32,459,0.00024386299999999995,0.00247598,0.0275,29364.694441550044
0.32,464,0.00157835,0.001923225,0.0285,29301.664576607247
0.32,466,0.0007222175,0.00238083,0.0285,29364.669929696127
0.32,467,0.00024386299999999995,0.00247598,0.0285,29364.65667843062
0.32,472,0.00157835,0.001923225,0.0295,29301.747350158144
0.34,228,0.00247598,0.00024386299999999995,0.0285,2633.927026456504
0.34,229,0.00238083,0.0007222175,0.0285,42642.45258307735
0.34,230,0.00219419,0.0011728195,0.0285,40008.54162125883
0.34,236,0.00247598,0.00024386299999999995,0.0295,2633.93171873627
0.34,237,0.00238083,0.0007222175,0.0295,42642.52407216181
0.34,238,0.00219419,0.0011728195,0.0295,40008.54936121029
0.34,457,0.0011728195,0.00219419,0.0275,51745.6200007305
0.34,458,0.0007222175,0.00238083,0.0275,51745.66995073114
0.34,465,0.0011728195,0.00219419,0.0285,51745.56248211048
0.34,466,0.0007222175,0.00238083,0.0285,51745.6225608505
0.36,228,0.00247598,0.00024386299999999995,0.0285,30234.952936436002
0.36,229,0.00238083,0.0007222175,0.0285,30235.713851749886
0.36,236,0.00247598,0.00024386299999999995,0.0295,30234.968459546966
0.36,237,0.00238083,0.0007222175,0.0295,30235.714099329623
0.36,456,0.00157835,0.001923225,0.0275,58459.02946252187
0.36,457,0.0011728195,0.00219419,0.0275,63544.14536163028
0.36,458,0.0007222175,0.00238083,0.0275,5085.113300792816
0.36,464,0.00157835,0.001923225,0.0285,58459.12619352089
0.36,465,0.0011728195,0.00219419,0.0285,63544.19033098147
0.36,466,0.0007222175,0.00238083,0.0285,5085.122140539006
0.38,223,0.0019232249999999998,0.00157835,0.0275,33031.53247519709
0.38,227,0.00247598,-0.00024386300000000006,0.0285,6124.066905211683
0.38,228,0.00247598,0.00024386299999999995,0.0285,22875.98286901133
0.38,229,0.00238083,0.0007222175,0.0285,16751.85106358399
0.38,231,0.0019232249999999998,0.00157835,0.0285,33031.533388429
0.38,235,0.00247598,-0.00024386300000000006,0.0295,6124.071543433584
0.38,236,0.00247598,0.00024386299999999995,0.0295,22875.966882586625
0.38,237,0.00238083,0.0007222175,0.0295,16751.87667638465
0.38,456,0.00157835,0.001923225,0.0275,62881.76134945649
0.38,457,0.0011728195,0.00219419,0.0275,32549.366274322456
0.38,458,0.0007222175,0.00238083,0.0275,2699.129390325888
0.38,464,0.00157835,0.001923225,0.0285,62881.77253552893
0.38,465,0.0011728195,0.00219419,0.0285,32549.362132190854
0.38,466,0.0007222175,0.00238083,0.0285,2699.132071790486
0.4,223,0.0019232249999999998,0.00157835,0.0275,50620.99366656091
0.4,227,0.00247598,-0.00024386300000000006,0.0285,17883.889474275442
0.4,228,0.00247598,0.00024386299999999995,0.0285,17892.347149689445
0.4,229,0.00238083,0.0007222175,0.0285,8.489931902606758
0.4,231,0.0019232249999999998,0.00157835,0.0285,50620.947619932995
0.4,235,0.00247598,-0.00024386300000000006,0.0295,17883.840706842027
0.4,236,0.00247598,0.00024386299999999995,0.0295,17892.354530782133
0.4,237,0.00238083,0.0007222175,0.0295,8.489932273716912
0.4,456,0.00157835,0.001923225,0.0275,66937.84833612446
0.4,457,0.0011728195,0.00219419,0.0275,16316.857993562977
0.4,464,0.00157835,0.001923225,0.0285,66937.77035433732
0.4,465,0.0011728195,0.00219419,0.0285,16316.87639721831
0.42,223,0.0019232249999999998,0.00157835,0.0275,57310.90902411163
0.42,227,0.00247598,-0.00024386300000000006,0.0285,16865.874798285917
0.42,228,0.00247598,0.00024386299999999995,0.0285,16865.918048552827
0.42,231,0.0019232249999999998,0.00157835,0.0285,57310.889146217225
0.42,235,0.00247598,-0.00024386300000000006,0.0295,16865.878084493586
0.42,236,0.00247598,0.00024386299999999995,0.0295,16865.92261343565
0.42,456,0.00157835,0.001923225,0.0275,65475.729593414995
0.42,457,0.0011728195,0.00219419,0.0275,8164.85160593259
0.42,464,0.00157835,0.001923225,0.0285,65475.73774605369
0.42,465,0.0011728195,0.00219419,0.0285,8164.8560517500855
0.44,223,0.0019232249999999998,0.00157835,0.0275,62167.98026227006
0.44,227,0.00247598,-0.00024386300000000006,0.0285,14883.170578479036
0.44,228,0.00247598,0.00024386299999999995,0.0285,14883.17204791035
0.44,231,0.0019232249999999998,0.00157835,0.0285,62168.0691610251
0.44,235,0.00247598,-0.00024386300000000006,0.0295,14883.168043892269
0.44,236,0.00247598,0.00024386299999999995,0.0295,14883.169368014325
0.44,456,0.00157835,0.001923225,0.0275,62168.05526136393
0.44,464,0.00157835,0.001923225,0.0285,62168.044792964174
0.46,222,0.00219419,0.0011728195,0.0275,10528.889841108605
0.46,223,0.0019232249999999998,0.00157835,0.0275,61330.162496849785
0.46,227,0.00247598,-0.00024386300000000006,0.0285,12772.465516793694
0.46,228,0.00247598,0.00024386299999999995,0.0285,12772.510363843907
0.46,230,0.00219419,0.0011728195,0.0285,10528.89410818629
0.46,231,0.0019232249999999998,0.00157835,0.0285,61330.22322248632
0.46,235,0.00247598,-0.00024386300000000006,0.0295,12772.469002496777
0.46,236,0.00247598,0.00024386299999999995,0.0295,12772.471498461055
0.46,456,0.00157835,0.001923225,0.0275,50801.33884505407
0.46,464,0.00157835,0.001923225,0.0285,50801.32825005661
0.48,222,0.00219419,0.0011728195,0.0275,30241.800896125547
0.48,223,0.0019232249999999998,0.00157835,0.0275,51522.063561254996
0.48,227,0.00247598,-0.00024386300000000006,0.0285,10665.093565201385
0.48,228,0.00247598,0.00024386299999999995,0.0285,10665.087552594212
0.48,230,0.00219419,0.0011728195,0.0285,30241.802191727926
0.48,231,0.0019232249999999998,0.00157835,0.0285,51522.09576696197
0.48,235,0.00247598,-0.00024386300000000006,0.0295,10665.08937309885
0.48,236,0.00247598,0.00024386299999999995,0.0295,10665.1424842092
0.48,448,0.00157835,0.001923225,0.0265,18322.571452066983
0.48,449,0.0011728195,0.00219419,0.0265,18322.637648660195
0.48,456,0.00157835,0.001923225,0.0275,39602.949421602425
0.48,457,0.0011728195,0.00219419,0.0275,18322.650168097956
0.48,464,0.00157835,0.001923225,0.0285,21280.283182328658
0.5,215,0.0019232249999999998,0.00157835,0.0265,2247.9106460001917
0.5,222,0.00219419,0.0011728195,0.0275,43999.44649799586
0.5,223,0.0019232249999999998,0.00157835,0.0275,46247.344242237305
0.5,227,0.00247598,-0.00024386300000000006,0.0285,9503.13991751379
0.5,228,0.00247598,0.00024386299999999995,0.0285,9503.132863419305
0.5,230,0.00219419,0.0011728195,0.0285,43999.44049173353
0.5,231,0.0019232249999999998,0.00157835,0.0285,43999.41236009408
0.5,235,0.00247598,-0.00024386300000000006,0.0295,9503.135744549794
0.5,236,0.00247598,0.00024386299999999995,0.0295,9503.139506706402
0.5,448,0.00157835,0.001923225,0.0265,31314.921382784916
0.5,449,0.0011728195,0.00219419,0.0265,29067.047214027436
0.5,456,0.00157835,0.001923225,0.0275,31314.910002846886
0.5,457,0.0011728195,0.00219419,0.0275,29067.00118794507
0.52,215,0.0019232249999999998,0.00157835,0.0265,23485.817056036183
0.52,221,0.00238083,0.0007222175,0.0275,19316.19028680863
0.52,222,0.00219419,0.0011728195,0.0275,36819.998754231376
0.52,223,0.0019232249999999998,0.00157835,0.0275,40989.61788123915
0.52,226,0.00238083,-0.0007222175,0.0285,2301.040028378472
0.52,227,0.00247598,-0.00024386300000000006,0.0285,7647.646066823151
0.52,228,0.00247598,0.00024386299999999995,0.0285,5346.600380491233
0.52,229,0.00238083,0.0007222175,0.0285,19316.208330218436
0.52,230,0.00219419,0.0011728195,0.0285,36820.02227177626
0.52,231,0.0019232249999999998,0.00157835,0.0285,17503.84123709993
0.52,234,0.00238083,-0.0007222175,0.0295,2301.046442291265
0.52,235,0.00247598,-0.00024386300000000006,0.0295,7647.641139323982
0.52,236,0.00247598,0.00024386299999999995,0.0295,5346.601212948745
0.52,448,0.00157835,0.001923225,0.0265,43469.00893889807
0.52,449,0.0011728195,0.00219419,0.0265,19983.162194482633
0.52,456,0.00157835,0.001923225,0.0275,43469.06000605488
0.52,457,0.0011728195,0.00219419,0.0275,19983.16007238595
0.54,215,0.0019232249999999998,0.00157835,0.0265,47365.90820885841
0.54,221,0.00238083,0.0007222175,0.0275,30716.63287260503
0.54,222,0.00219419,0.0011728195,0.0275,30716.59727062228
0.54,223,0.0019232249999999998,0.00157835,0.0275,47365.862070166106
0.54,226,0.00238083,-0.0007222175,0.0285,6209.65186661861
0.54,227,0.00247598,-0.00024386300000000006,0.0285,6209.651570791372
0.54,229,0.00238083,0.0007222175,0.0285,30716.622209170397
0.54,230,0.00219419,0.0011728195,0.0285,30716.599374930815
0.54,234,0.00238083,-0.0007222175,0.0295,6209.655360818023
0.54,235,0.00247598,-0.00024386300000000006,0.0295,6209.6513432502
0.54,448,0.00157835,0.001923225,0.0265,52953.61236875157
0.54,449,0.0011728195,0.00219419,0.0265,5587.701125632974
0.54,456,0.00157835,0.001923225,0.0275,52953.580246381825
0.54,457,0.0011728195,0.00219419,0.0275,5587.70362166785
0.56,215,0.0019232249999999998,0.00157835,0.0265,53701.38002751884
0.56,220,0.00247598,0.00024386299999999995,0.0275,4211.562681801139
0.56,221,0.00238083,0.0007222175,0.0275,28185.906447118214
0.56,222,0.00219419,0.0011728195,0.0275,23974.371917998185
0.56,223,0.0019232249999999998,0.00157835,0.0275,53701.338849417894
0.56,226,0.00238083,-0.0007222175,0.0285,6471.002802485021
0.56,227,0.00247598,-0.00024386300000000006,0.0285,6471.001752743851
0.56,228,0.00247598,0.00024386299999999995,0.0285,4211.56541952087
0.56,229,0.00238083,0.0007222175,0.0285,28185.9566499099
0.56,230,0.00219419,0.0011728195,0.0285,23974.42045838856
0.56,234,0.00238083,-0.0007222175,0.0295,6471.001643119943
0.56,235,0.00247598,-0.00024386300000000006,0.0295,6471.001424399588
0.56,448,0.00157835,0.001923225,0.0265,53701.43047200885
0.56,456,0.00157835,0.001923225,0.0275,53701.403822432796
0.58,215,0.0019232249999999998,0.00157835,0.0265,55857.21225714724
0.58,220,0.00247598,0.00024386299999999995,0.0275,12497.328983026735
0.58,221,0.00238083,0.0007222175,0.0275,26496.86149374865
0.58,222,0.00219419,0.0011728195,0.0275,13999.51910111558
0.58,223,0.0019232249999999998,0.00157835,0.0275,55857.207781091245
0.58,226,0.00238083,-0.0007222175,0.0285,5876.483287565447
0.58,227,0.00247598,-0.00024386300000000006,0.0285,5876.48534070433
0.58,228,0.00247598,0.00024386299999999995,0.0285,12497.38426166452
0.58,229,0.00238083,0.0007222175,0.0285,26496.795114013315
0.58,230,0.00219419,0.0011728195,0.0285,13999.516534455752
0.58,234,0.00238083,-0.0007222175,0.0295,5876.485224977937
0.58,235,0.00247598,-0.00024386300000000006,0.0295,5876.481318916618
0.58,448,0.00157835,0.001923225,0.0265,55857.159068466775
0.58,456,0.00157835,0.001923225,0.0275,55857.19488203825
0.6,214,0.00219419,0.0011728195,0.0265,2004.4179829828408
0.6,215,0.0019232249999999998,0.00157835,0.0265,58679.086272538356
0.6,220,0.00247598,0.00024386299999999995,0.0275,21000.764238191427
0.6,221,0.00238083,0.0007222175,0.0275,24271.13353612064
0.6,222,0.00219419,0.0011728195,0.0275,5274.820839928215
0.6,223,0.0019232249999999998,0.00157835,0.0275,58679.118621363086
0.6,226,0.00238083,-0.0007222175,0.0285,5309.088206518706
0.6,227,0.00247598,-0.00024386300000000006,0.0285,5309.094517772687
0.6,228,0.00247598,0.00024386299999999995,0.0285,21000.70386725169
0.6,229,0.00238083,0.0007222175,0.0285,24271.137909591303
0.6,230,0.00219419,0.0011728195,0.0285,3270.4069860914865
0.6,234,0.00238083,-0.0007222175,0.0295,5309.095939764604
0.6,235,0.00247598,-0.00024386300000000006,0.0295,5309.093519862878
0.6,448,0.00157835,0.001923225,0.0265,56674.64425278733
0.6,456,0.00157835,0.001923225,0.0275,56674.67280664265
0.62,214,0.00219419,0.0011728195,0.0265,22200.303195057946
0.62,215,0.0019232249999999998,0.00157835,0.0265,61305.60420785363
0.62,220,0.00247598,0.00024386299999999995,0.0275,19714.764632655395
0.62,221,0.00238083,0.0007222175,0.0275,19714.796110485142
0.62,222,0.00219419,0.0011728195,0.0275,22200.354910831946
0.62,223,0.0019232249999999998,0.00157835,0.0275,61305.67734052042
0.62,226,0.00238083,-0.0007222175,0.0285,5503.443307648404
0.62,227,0.00247598,-0.00024386300000000006,0.0285,5503.444135994569
0.62,228,0.00247598,0.00024386299999999995,0.0285,19714.776170986574
0.62,229,0.00238083,0.0007222175,0.0285,19714.74658043821
0.62,234,0.00238083,-0.0007222175,0.0295,5503.441395873041
0.62,235,0.00247598,-0.00024386300000000006,0.0295,5503.443875473611
0.62,448,0.00157835,0.001923225,0.0265,39105.4149220092
0.62,456,0.00157835,0.001923225,0.0275,39105.30951899115
0.64,213,0.00238083,0.0007222175,0.0265,6488.160532277234
0.64,214,0.00219419,0.0011728195,0.0265,26840.974769015003
0.64,215,0.0019232249999999998,0.00157835,0.0265,53418.53103371526
0.64,220,0.00247598,0.00024386299999999995,0.0275,14538.92458942545
0.64,221,0.00238083,0.0007222175,0.0275,21027.063962477023
0.64,222,0.00219419,0.0011728195,0.0275,26840.87999458289
0.64,223,0.0019232249999999998,0.00157835,0.0275,53418.43707084755
0.64,226,0.00238083,-0.0007222175,0.0285,5123.1589940298545
0.64,227,0.00247598,-0.00024386300000000006,0.0285,5123.161809888304
0.64,228,0.00247598,0.00024386299999999995,0.0285,14538.972218726467
0.64,229,0.00238083,0.0007222175,0.0285,14538.958831584192
0.64,234,0.00238083,-0.0007222175,0.0295,5123.167154830691
0.64,235,0.00247598,-0.00024386300000000006,0.0295,5123.164615713807
0.64,448,0.00157835,0.001923225,0.0265,33065.720176847804
0.64,456,0.00157835,0.001923225,0.0275,33065.67469158916
0.66,213,0.00238083,0.0007222175,0.0265,8990.741736308522
0.66,214,0.00219419,0.0011728195,0.0265,36850.98336588727
0.66,215,0.0019232249999999998,0.00157835,0.0265,48676.78152812591
0.66,220,0.00247598,0.00024386299999999995,0.0275,9989.375117553649
0.66,221,0.00238083,0.0007222175,0.0275,18980.077666627185
0.66,222,0.00219419,0.0011728195,0.0275,36850.94099168297
0.66,223,0.0019232249999999998,0.00157835,0.0275,48676.79503932033
0.66,226,0.00238083,-0.0007222175,0.0285,5160.667167115993
0.66,227,0.00247598,-0.00024386300000000006,0.0285,5160.670198232008
0.66,228,0.00247598,0.00024386299999999995,0.0285,9989.376189937988
0.66,229,0.00238083,0.0007222175,0.0285,9989.380163483618
0.66,234,0.00238083,-0.0007222175,0.0295,5160.670857456422
0.66,235,0.00247598,-0.00024386300000000006,0.0295,5160.670301911274
0.66,448,0.00157835,0.001923225,0.0265,20816.562729384506
0.66,456,0.00157835,0.001923225,0.0275,20816.575258886845
0.68,207,0.0019232249999999998,0.00157835,0.0255,26870.02592553457
0.68,213,0.00238083,0.0007222175,0.0265,34207.45881581384
0.68,214,0.00219419,0.0011728195,0.0265,34208.37878619798
0.68,215,0.0019232249999999998,0.00157835,0.0265,26871.108737878683
0.68,219,0.00247598,-0.00024386300000000006,0.0275,5127.470263120889
0.68,220,0.00247598,0.00024386299999999995,0.0275,5127.50814559197
0.68,221,0.00238083,0.0007222175,0.0275,34207.490429449805
0.68,222,0.00219419,0.0011728195,0.0275,34208.29892771051
0.68,223,0.0019232249999999998,0.00157835,0.0275,1.1241796395972488
0.68,227,0.00247598,-0.00024386300000000006,0.0285,5127.485617767055
0.68,228,0.00247598,0.00024386299999999995,0.0285,5127.511876251482
0.68,440,0.00157835,0.001923225,0.0255,26870.02422386143
0.68,448,0.00157835,0.001923225,0.0265,26870.320431972897
0.7,206,0.00219419,0.0011728195,0.0255,16708.821686908388
0.7,207,0.0019232249999999998,0.00157835,0.0255,40522.49690283164
0.7,213,0.00238083,0.0007222175,0.0265,8845.906039038624
0.7,214,0.00219419,0.0011728195,0.0265,25554.76058609041
0.7,215,0.0019232249999999998,0.00157835,0.0265,40522.51898318391
0.7,219,0.00247598,-0.00024386300000000006,0.0275,13270.342172469744
0.7,220,0.00247598,0.00024386299999999995,0.0275,13270.327683719795
0.7,221,0.00238083,0.0007222175,0.0275,8845.904527644416
0.7,222,0.00219419,0.0011728195,0.0275,8845.902796600243
0.7,227,0.00247598,-0.00024386300000000006,0.0285,13270.301720272413
0.7,228,0.00247598,0.00024386299999999995,0.0285,13270.353192699884
0.7,440,0.00157835,0.001923225,0.0255,23813.699513786178
0.7,448,0.00157835,0.001923225,0.0265,23813.69211461339
0.72,206,0.00219419,0.0011728195,0.0255,21879.830409534716
0.72,207,0.0019232249999999998,0.00157835,0.0255,38221.52705182775
0.72,212,0.00247598,0.00024386299999999995,0.0265,13005.951429899314
0.72,213,0.00238083,0.0007222175,0.0265,13005.891317110872
0.72,214,0.00219419,0.0011728195,0.0265,21879.839200963062
0.72,215,0.0019232249999999998,0.00157835,0.0265,38221.55413282013
0.72,219,0.00247598,-0.00024386300000000006,0.0275,7654.978073704327
0.72,220,0.00247598,0.00024386299999999995,0.0275,20660.941401264852
0.72,221,0.00238083,0.0007222175,0.0275,13005.874745952307
0.72,227,0.00247598,-0.00024386300000000006,0.0285,7654.976712724409
0.72,228,0.00247598,0.00024386299999999995,0.0285,7654.978778437273
0.72,440,0.00157835,0.001923225,0.0255,16341.546093809484
0.72,448,0.00157835,0.001923225,0.0265,16341.569735236575
0.74,206,0.00219419,0.0011728195,0.0255,35941.72690077788
0.74,207,0.0019232249999999998,0.00157835,0.0255,35941.78079449598
0.74,211,0.00247598,-0.00024386300000000006,0.0265,5398.872766542105
0.74,212,0.00247598,0.00024386299999999995,0.0265,5973.1863115839615
0.74,213,0.00238083,0.0007222175,0.0265,574.312470081958
0.74,214,0.00219419,0.0011728195,0.0265,35941.772074605615
0.74,215,0.0019232249999999998,0.00157835,0.0265,35941.80703807893
0.74,219,0.00247598,-0.00024386300000000006,0.0275,11422.40073454635
0.74,220,0.00247598,0.00024386299999999995,0.0275,11996.778916400852
0.74,221,0.00238083,0.0007222175,0.0275,574.3127021802757
0.74,227,0.00247598,-0.00024386300000000006,0.0285,6023.57334359141
0.74,228,0.00247598,0.00024386299999999995,0.0285,6023.5749161229005
0.76,205,0.00238083,0.0007222175,0.0255,8556.542020623752
0.76,206,0.00219419,0.0011728195,0.0255,22757.612431834757
0.76,207,0.0019232249999999998,0.00157835,0.0255,27348.857084384716
0.76,211,0.00247598,-0.00024386300000000006,0.0265,6292.820329864662
0.76,212,0.00247598,0.00024386299999999995,0.0265,6292.815893395738
0.76,213,0.00238083,0.0007222175,0.0265,8556.535082339113
0.76,214,0.00219419,0.0011728195,0.0265,22757.62814712684
0.76,215,0.0019232249999999998,0.00157835,0.0265,27348.848639385167
0.76,218,0.00238083,-0.0007222175,0.0275,6019.75827317011
0.76,219,0.00247598,-0.00024386300000000006,0.0275,12312.553063991278
0.76,220,0.00247598,0.00024386299999999995,0.0275,6292.819242995463
0.76,226,0.00238083,-0.0007222175,0.0285,6019.762612944467
0.76,227,0.00247598,-0.00024386300000000006,0.0285,6019.7604002947655
0.76,440,0.00157835,0.001923225,0.0255,13147.781496891404
0.76,448,0.00157835,0.001923225,0.0265,13147.780702631908
0.78,204,0.00247598,0.00024386299999999995,0.0255,2288.792915664499
0.78,205,0.00238083,0.0007222175,0.0255,14329.516910855718
0.78,206,0.00219419,0.0011728195,0.0255,15242.88793888153
0.78,207,0.0019232249999999998,0.00157835,0.0255,20524.42565676321
0.78,211,0.00247598,-0.00024386300000000006,0.0265,2743.383547324362
0.78,212,0.00247598,0.00024386299999999995,0.0265,5032.179092703676
0.78,213,0.00238083,0.0007222175,0.0265,14329.488401603874
0.78,214,0.00219419,0.0011728195,0.0265,15242.89660809913
0.78,215,0.0019232249999999998,0.00157835,0.0265,20524.427867543593
0.78,218,0.00238083,-0.0007222175,0.0275,6127.091470896204
0.78,219,0.00247598,-0.00024386300000000006,0.0275,8870.464265810724
0.78,220,0.00247598,0.00024386299999999995,0.0275,2743.382418791263
0.78,226,0.00238083,-0.0007222175,0.0285,6127.089011538514
0.78,227,0.00247598,-0.00024386300000000006,0.0285,6127.0831317697175
0.78,440,0.00157835,0.001923225,0.0255,17322.23598681475
0.78,448,0.00157835,0.001923225,0.0265,17322.236612230536
0.8,204,0.00247598,0.00024386299999999995,0.0255,11994.127304526995
0.8,205,0.00238083,0.0007222175,0.0255,12072.489099456663
0.8,206,0.00219419,0.0011728195,0.0255,2075.866390182422
0.8,207,0.0019232249999999998,0.00157835,0.0255,23706.94052424311
0.8,212,0.00247598,0.00024386299999999995,0.0265,11994.134667348872
0.8,213,0.00238083,0.0007222175,0.0265,12072.538749037007
0.8,214,0.00219419,0.0011728195,0.0265,2075.86606993828
0.8,215,0.0019232249999999998,0.00157835,0.0265,23706.9222630522
0.8,218,0.00238083,-0.0007222175,0.0275,6357.500447569077
0.8,219,0.00247598,-0.00024386300000000006,0.0275,6357.5077532489095
0.8,226,0.00238083,-0.0007222175,0.0285,6357.507905872316
0.8,227,0.00247598,-0.00024386300000000006,0.0285,6357.507943951938
0.8,440,0.00157835,0.001923225,0.0255,21709.47233288962
0.8,448,0.00157835,0.001923225,0.0265,21709.48141939139
0.82,204,0.00247598,0.00024386299999999995,0.0255,10535.471820326795
0.82,205,0.00238083,0.0007222175,0.0255,10535.460853693112
0.82,206,0.00219419,0.0011728195,0.0255,1.8752816527444618
0.82,207,0.0019232249999999998,0.00157835,0.0255,20038.019193533077
0.82,210,0.00238083,-0.0007222175,0.0265,2182.4085800979155
0.82,211,0.00247598,-0.00024386300000000006,0.0265,2182.414023498062
0.82,212,0.00247598,0.00024386299999999995,0.0265,10535.472136154554
0.82,213,0.00238083,0.0007222175,0.0265,10535.462290621139
0.82,214,0.00219419,0.0011728195,0.0265,1.8752816909909826
0.82,215,0.0019232249999999998,0.00157835,0.0265,20037.987399040354
0.82,218,0.00238083,-0.0007222175,0.0275,6885.333008130834
0.82,219,0.00247598,-0.00024386300000000006,0.0275,6885.334339575094
0.82,226,0.00238083,-0.0007222175,0.0285,4702.920528195751
0.82,227,0.00247598,-0.00024386300000000006,0.0285,4702.913721846064
0.82,440,0.00157835,0.001923225,0.0255,20036.109880266176
0.82,448,0.00157835,0.001923225,0.0265,20036.120701275984
0.82,449,0.0011728195,0.00219419,0.0265,3104.9228707104785
0.82,450,0.0007222175,0.00238083,0.0265,3104.922079120988
0.82,457,0.0011728195,0.00219419,0.0275,3104.920605404267
0.82,458,0.0007222175,0.00238083,0.0275,3104.9232116593475
0.84,203,0.00247598,-0.00024386300000000006,0.0255,3228.9043658321625
0.84,204,0.00247598,0.00024386299999999995,0.0255,8992.10153543653
0.84,205,0.00238083,0.0007222175,0.0255,5763.196151692566
0.84,206,0.00219419,0.0011728195,0.0255,223.89701587178422
0.84,207,0.0019232249999999998,0.00157835,0.0255,19016.599666827926
0.84,210,0.00238083,-0.0007222175,0.0265,3581.592807967567
0.84,211,0.00247598,-0.00024386300000000006,0.0265,6810.486412951721
0.84,212,0.00247598,0.00024386299999999995,0.0265,8992.099925544866
0.84,213,0.00238083,0.0007222175,0.0265,5763.19790322144
0.84,214,0.00219419,0.0011728195,0.0265,223.8969025978028
0.84,215,0.0019232249999999998,0.00157835,0.0265,19016.594826690187
0.84,218,0.00238083,-0.0007222175,0.0275,6416.790543744122
0.84,219,0.00247598,-0.00024386300000000006,0.0275,6416.790660459557
0.84,226,0.00238083,-0.0007222175,0.0285,2835.204154072359
0.84,227,0.00247598,-0.00024386300000000006,0.0285,2835.204316167002
0.84,440,0.00157835,0.001923225,0.0255,18792.749673488444
0.84,448,0.00157835,0.001923225,0.0265,18792.739708195822
0.84,449,0.0011728195,0.00219419,0.0265,3244.3410788596198
0.84,450,0.0007222175,0.00238083,0.0265,3244.33630308712
0.84,457,0.0011728195,0.00219419,0.0275,3244.3432713207153
0.84,458,0.0007222175,0.00238083,0.0275,3244.3368681406987
0.86,203,0.00247598,-0.00024386300000000006,0.0255,6352.095881810664
0.86,204,0.00247598,0.00024386299999999995,0.0255,7664.767368728487
0.86,205,0.00238083,0.0007222175,0.0255,1312.6741676383367
0.86,207,0.0019232249999999998,0.00157835,0.0255,19047.56650389755
0.86,210,0.00238083,-0.0007222175,0.0265,4383.076307266507
0.86,211,0.00247598,-0.00024386300000000006,0.0265,10735.121645132951
0.86,212,0.00247598,0.00024386299999999995,0.0265,7664.773099343516
0.86,213,0.00238083,0.0007222175,0.0265,1312.670964667079
0.86,215,0.0019232249999999998,0.00157835,0.0265,19047.519463552202
0.86,218,0.00238083,-0.0007222175,0.0275,5551.471679225338
0.86,219,0.00247598,-0.00024386300000000006,0.0275,5551.470122454862
0.86,226,0.00238083,-0.0007222175,0.0285,1168.3878163217726
0.86,227,0.00247598,-0.00024386300000000006,0.0285,1168.3895283979655
0.86,440,0.00157835,0.001923225,0.0255,19047.542951522646
0.86,448,0.00157835,0.001923225,0.0265,19047.52040277422
0.86,449,0.0011728195,0.00219419,0.0265,3837.4619710037523
0.86,450,0.0007222175,0.00238083,0.0265,3837.468336038748
0.86,457,0.0011728195,0.00219419,0.0275,3837.467114806979
0.86,458,0.0007222175,0.00238083,0.0275,3837.4661390818815
